<?xml version="1.0" encoding="ISO-8859-1" ?>
<link_info>
   <banner>TI ARM Linker PC v20.2.7.LTS</banner>
   <copyright>Copyright (c) 1996-2018 Texas Instruments Incorporated</copyright>
   <link_time>0x652a14d0</link_time>
   <link_errors>0x0</link_errors>
   <output_file>Digital_lab7.out</output_file>
   <entry_point>
      <name>_c_int00_noargs</name>
      <address>0x5e5</address>
   </entry_point>
   <input_file_list>
      <input_file id="fl-2">
         <path>.\</path>
         <kind>object</kind>
         <file>main.obj</file>
         <name>main.obj</name>
      </input_file>
      <input_file id="fl-3">
         <path>.\</path>
         <kind>object</kind>
         <file>tm4c123gh6pm_startup_ccs.obj</file>
         <name>tm4c123gh6pm_startup_ccs.obj</name>
      </input_file>
      <input_file id="fl-8">
         <kind>object</kind>
         <file>&lt;internal&gt;</file>
         <name>&lt;internal&gt;</name>
      </input_file>
      <input_file id="fl-9">
         <path>C:\ti\TivaWare_C_Series-2.1.4.178\driverlib\ccs\Debug\</path>
         <kind>archive</kind>
         <file>driverlib.lib</file>
         <name>gpio.obj</name>
      </input_file>
      <input_file id="fl-a">
         <path>C:\ti\TivaWare_C_Series-2.1.4.178\driverlib\ccs\Debug\</path>
         <kind>archive</kind>
         <file>driverlib.lib</file>
         <name>interrupt.obj</name>
      </input_file>
      <input_file id="fl-b">
         <path>C:\ti\TivaWare_C_Series-2.1.4.178\driverlib\ccs\Debug\</path>
         <kind>archive</kind>
         <file>driverlib.lib</file>
         <name>sysctl.obj</name>
      </input_file>
      <input_file id="fl-c">
         <path>C:\ti\TivaWare_C_Series-2.1.4.178\driverlib\ccs\Debug\</path>
         <kind>archive</kind>
         <file>driverlib.lib</file>
         <name>cpu.obj</name>
      </input_file>
      <input_file id="fl-c2">
         <path>C:\ti\ccs1220\ccs\tools\compiler\ti-cgt-arm_20.2.7.LTS\lib\</path>
         <kind>archive</kind>
         <file>rtsv7M4_T_le_v4SPD16_eabi.lib</file>
         <name>copy_zero_init.c.obj</name>
      </input_file>
      <input_file id="fl-c3">
         <path>C:\ti\ccs1220\ccs\tools\compiler\ti-cgt-arm_20.2.7.LTS\lib\</path>
         <kind>archive</kind>
         <file>rtsv7M4_T_le_v4SPD16_eabi.lib</file>
         <name>copy_decompress_none.c.obj</name>
      </input_file>
      <input_file id="fl-c4">
         <path>C:\ti\ccs1220\ccs\tools\compiler\ti-cgt-arm_20.2.7.LTS\lib\</path>
         <kind>archive</kind>
         <file>rtsv7M4_T_le_v4SPD16_eabi.lib</file>
         <name>copy_decompress_lzss.c.obj</name>
      </input_file>
      <input_file id="fl-c5">
         <path>C:\ti\ccs1220\ccs\tools\compiler\ti-cgt-arm_20.2.7.LTS\lib\</path>
         <kind>archive</kind>
         <file>rtsv7M4_T_le_v4SPD16_eabi.lib</file>
         <name>boot_cortex_m.c.obj</name>
      </input_file>
      <input_file id="fl-c6">
         <path>C:\ti\ccs1220\ccs\tools\compiler\ti-cgt-arm_20.2.7.LTS\lib\</path>
         <kind>archive</kind>
         <file>rtsv7M4_T_le_v4SPD16_eabi.lib</file>
         <name>memcpy_t2.asm.obj</name>
      </input_file>
      <input_file id="fl-c7">
         <path>C:\ti\ccs1220\ccs\tools\compiler\ti-cgt-arm_20.2.7.LTS\lib\</path>
         <kind>archive</kind>
         <file>rtsv7M4_T_le_v4SPD16_eabi.lib</file>
         <name>memset_t2.asm.obj</name>
      </input_file>
      <input_file id="fl-c8">
         <path>C:\ti\ccs1220\ccs\tools\compiler\ti-cgt-arm_20.2.7.LTS\lib\</path>
         <kind>archive</kind>
         <file>rtsv7M4_T_le_v4SPD16_eabi.lib</file>
         <name>autoinit.c.obj</name>
      </input_file>
      <input_file id="fl-c9">
         <path>C:\ti\ccs1220\ccs\tools\compiler\ti-cgt-arm_20.2.7.LTS\lib\</path>
         <kind>archive</kind>
         <file>rtsv7M4_T_le_v4SPD16_eabi.lib</file>
         <name>pre_init.c.obj</name>
      </input_file>
      <input_file id="fl-ca">
         <path>C:\ti\ccs1220\ccs\tools\compiler\ti-cgt-arm_20.2.7.LTS\lib\</path>
         <kind>archive</kind>
         <file>rtsv7M4_T_le_v4SPD16_eabi.lib</file>
         <name>cpy_tbl.c.obj</name>
      </input_file>
      <input_file id="fl-cb">
         <path>C:\ti\ccs1220\ccs\tools\compiler\ti-cgt-arm_20.2.7.LTS\lib\</path>
         <kind>archive</kind>
         <file>rtsv7M4_T_le_v4SPD16_eabi.lib</file>
         <name>exit.c.obj</name>
      </input_file>
      <input_file id="fl-cc">
         <path>C:\ti\ccs1220\ccs\tools\compiler\ti-cgt-arm_20.2.7.LTS\lib\</path>
         <kind>archive</kind>
         <file>rtsv7M4_T_le_v4SPD16_eabi.lib</file>
         <name>_lock.c.obj</name>
      </input_file>
      <input_file id="fl-cd">
         <path>C:\ti\ccs1220\ccs\tools\compiler\ti-cgt-arm_20.2.7.LTS\lib\</path>
         <kind>archive</kind>
         <file>rtsv7M4_T_le_v4SPD16_eabi.lib</file>
         <name>args_main.c.obj</name>
      </input_file>
   </input_file_list>
   <object_component_list>
      <object_component id="oc-12">
         <name>.intvecs</name>
         <load_address>0x0</load_address>
         <run_address>0x0</run_address>
         <size>0x26c</size>
         <input_file_ref idref="fl-3"/>
      </object_component>
      <object_component id="oc-dc">
         <name>.text:GPIOPadConfigSet</name>
         <load_address>0x26c</load_address>
         <run_address>0x26c</run_address>
         <size>0x132</size>
         <input_file_ref idref="fl-9"/>
      </object_component>
      <object_component id="oc-c4">
         <name>.text:SysCtlClockSet</name>
         <load_address>0x3a0</load_address>
         <run_address>0x3a0</run_address>
         <size>0xf4</size>
         <input_file_ref idref="fl-b"/>
      </object_component>
      <object_component id="oc-9b">
         <name>.text</name>
         <load_address>0x494</load_address>
         <run_address>0x494</run_address>
         <size>0xd8</size>
         <input_file_ref idref="fl-2"/>
      </object_component>
      <object_component id="oc-fd">
         <name>.text:__TI_auto_init_nobinit_nopinit:__TI_auto_init_nobinit_nopinit</name>
         <load_address>0x56c</load_address>
         <run_address>0x56c</run_address>
         <size>0x44</size>
         <input_file_ref idref="fl-c8"/>
      </object_component>
      <object_component id="oc-ca">
         <name>.text:SysCtlPeripheralEnable</name>
         <load_address>0x5b0</load_address>
         <run_address>0x5b0</run_address>
         <size>0x34</size>
         <input_file_ref idref="fl-b"/>
      </object_component>
      <object_component id="oc-59">
         <name>.text:_c_int00_noargs:_c_int00_noargs</name>
         <load_address>0x5e4</load_address>
         <run_address>0x5e4</run_address>
         <size>0x34</size>
         <input_file_ref idref="fl-c5"/>
      </object_component>
      <object_component id="oc-139">
         <name>.text:GPIODirModeSet</name>
         <load_address>0x618</load_address>
         <run_address>0x618</run_address>
         <size>0x2a</size>
         <input_file_ref idref="fl-9"/>
      </object_component>
      <object_component id="oc-47">
         <name>.text:decompress:ZI:__TI_zero_init_nomemset:__TI_zero_init_nomemset</name>
         <load_address>0x642</load_address>
         <run_address>0x642</run_address>
         <size>0x1c</size>
         <input_file_ref idref="fl-c2"/>
      </object_component>
      <object_component id="oc-d0">
         <name>.text:GPIOPinTypeGPIOOutput</name>
         <load_address>0x65e</load_address>
         <run_address>0x65e</run_address>
         <size>0x18</size>
         <input_file_ref idref="fl-9"/>
      </object_component>
      <object_component id="oc-d6">
         <name>.text:GPIOPinTypeGPIOInput</name>
         <load_address>0x676</load_address>
         <run_address>0x676</run_address>
         <size>0x12</size>
         <input_file_ref idref="fl-9"/>
      </object_component>
      <object_component id="oc-27">
         <name>.text</name>
         <load_address>0x688</load_address>
         <run_address>0x688</run_address>
         <size>0xc</size>
         <input_file_ref idref="fl-3"/>
      </object_component>
      <object_component id="oc-e2">
         <name>.text:GPIOPinRead</name>
         <load_address>0x694</load_address>
         <run_address>0x694</run_address>
         <size>0x6</size>
         <input_file_ref idref="fl-9"/>
      </object_component>
      <object_component id="oc-e8">
         <name>.text:GPIOPinWrite</name>
         <load_address>0x69a</load_address>
         <run_address>0x69a</run_address>
         <size>0x6</size>
         <input_file_ref idref="fl-9"/>
      </object_component>
      <object_component id="oc-ee">
         <name>.text:SysCtlDelay</name>
         <load_address>0x6a0</load_address>
         <run_address>0x6a0</run_address>
         <size>0x6</size>
         <input_file_ref idref="fl-b"/>
      </object_component>
      <object_component id="oc-95">
         <name>.text:_system_pre_init</name>
         <load_address>0x6a6</load_address>
         <run_address>0x6a6</run_address>
         <size>0x4</size>
         <input_file_ref idref="fl-c9"/>
      </object_component>
      <object_component id="oc-f1">
         <name>.text:abort:abort</name>
         <load_address>0x6aa</load_address>
         <run_address>0x6aa</run_address>
         <size>0x4</size>
         <input_file_ref idref="fl-cb"/>
      </object_component>
      <object_component id="oc-1cf">
         <name>.cinit..bss.load</name>
         <load_address>0x6b0</load_address>
         <run_address>0x6b0</run_address>
         <size>0x8</size>
      </object_component>
      <object_component id="oc-1cd">
         <name>__TI_handler_table</name>
         <load_address>0x6b8</load_address>
         <run_address>0x6b8</run_address>
         <size>0x4</size>
      </object_component>
      <object_component id="oc-1ce">
         <name>__TI_cinit_table</name>
         <load_address>0x6bc</load_address>
         <run_address>0x6bc</run_address>
         <size>0x8</size>
      </object_component>
      <object_component id="oc-ef">
         <name>.common:estado</name>
         <uninitialized>true</uninitialized>
         <run_address>0x20000200</run_address>
         <size>0x4</size>
      </object_component>
      <object_component id="oc-24">
         <name>.stack</name>
         <uninitialized>true</uninitialized>
         <run_address>0x20000000</run_address>
         <size>0x4</size>
         <input_file_ref idref="fl-c5"/>
      </object_component>
      <object_component id="oc-1d1">
         <name>.stack</name>
         <uninitialized>true</uninitialized>
         <run_address>0x20000000</run_address>
         <size>0x0</size>
      </object_component>
      <object_component id="oc-b2">
         <name>.debug_info</name>
         <load_address>0x0</load_address>
         <run_address>0x0</run_address>
         <size>0x431</size>
         <input_file_ref idref="fl-2"/>
      </object_component>
      <object_component id="oc-9f">
         <name>.debug_info</name>
         <load_address>0x431</load_address>
         <run_address>0x431</run_address>
         <size>0x2a6</size>
         <input_file_ref idref="fl-2"/>
      </object_component>
      <object_component id="oc-70">
         <name>.debug_info</name>
         <load_address>0x6d7</load_address>
         <run_address>0x6d7</run_address>
         <size>0x26b</size>
         <input_file_ref idref="fl-2"/>
      </object_component>
      <object_component id="oc-36">
         <name>.debug_info</name>
         <load_address>0x942</load_address>
         <run_address>0x942</run_address>
         <size>0x84</size>
         <input_file_ref idref="fl-2"/>
      </object_component>
      <object_component id="oc-ad">
         <name>.debug_info</name>
         <load_address>0x9c6</load_address>
         <run_address>0x9c6</run_address>
         <size>0x2a4</size>
         <input_file_ref idref="fl-2"/>
      </object_component>
      <object_component id="oc-75">
         <name>.debug_info</name>
         <load_address>0xc6a</load_address>
         <run_address>0xc6a</run_address>
         <size>0xbb</size>
         <input_file_ref idref="fl-2"/>
      </object_component>
      <object_component id="oc-2f">
         <name>.debug_info</name>
         <load_address>0xd25</load_address>
         <run_address>0xd25</run_address>
         <size>0x2a9</size>
         <input_file_ref idref="fl-3"/>
      </object_component>
      <object_component id="oc-13">
         <name>.debug_info</name>
         <load_address>0xfce</load_address>
         <run_address>0xfce</run_address>
         <size>0xe8</size>
         <input_file_ref idref="fl-3"/>
      </object_component>
      <object_component id="oc-29">
         <name>.debug_info</name>
         <load_address>0x10b6</load_address>
         <run_address>0x10b6</run_address>
         <size>0x264</size>
         <input_file_ref idref="fl-3"/>
      </object_component>
      <object_component id="oc-140">
         <name>.debug_info</name>
         <load_address>0x131a</load_address>
         <run_address>0x131a</run_address>
         <size>0x240</size>
         <input_file_ref idref="fl-9"/>
      </object_component>
      <object_component id="oc-ea">
         <name>.debug_info</name>
         <load_address>0x155a</load_address>
         <run_address>0x155a</run_address>
         <size>0x2a3</size>
         <input_file_ref idref="fl-9"/>
      </object_component>
      <object_component id="oc-13b">
         <name>.debug_info</name>
         <load_address>0x17fd</load_address>
         <run_address>0x17fd</run_address>
         <size>0x2b3</size>
         <input_file_ref idref="fl-9"/>
      </object_component>
      <object_component id="oc-de">
         <name>.debug_info</name>
         <load_address>0x1ab0</load_address>
         <run_address>0x1ab0</run_address>
         <size>0x316</size>
         <input_file_ref idref="fl-9"/>
      </object_component>
      <object_component id="oc-d1">
         <name>.debug_info</name>
         <load_address>0x1dc6</load_address>
         <run_address>0x1dc6</run_address>
         <size>0x2b7</size>
         <input_file_ref idref="fl-9"/>
      </object_component>
      <object_component id="oc-d7">
         <name>.debug_info</name>
         <load_address>0x207d</load_address>
         <run_address>0x207d</run_address>
         <size>0x285</size>
         <input_file_ref idref="fl-9"/>
      </object_component>
      <object_component id="oc-e3">
         <name>.debug_info</name>
         <load_address>0x2302</load_address>
         <run_address>0x2302</run_address>
         <size>0x27b</size>
         <input_file_ref idref="fl-9"/>
      </object_component>
      <object_component id="oc-143">
         <name>.debug_info</name>
         <load_address>0x257d</load_address>
         <run_address>0x257d</run_address>
         <size>0x8b</size>
         <input_file_ref idref="fl-9"/>
      </object_component>
      <object_component id="oc-132">
         <name>.debug_info</name>
         <load_address>0x2608</load_address>
         <run_address>0x2608</run_address>
         <size>0x18b</size>
         <input_file_ref idref="fl-9"/>
      </object_component>
      <object_component id="oc-137">
         <name>.debug_info</name>
         <load_address>0x2793</load_address>
         <run_address>0x2793</run_address>
         <size>0x298</size>
         <input_file_ref idref="fl-b"/>
      </object_component>
      <object_component id="oc-cc">
         <name>.debug_info</name>
         <load_address>0x2a2b</load_address>
         <run_address>0x2a2b</run_address>
         <size>0x27d</size>
         <input_file_ref idref="fl-b"/>
      </object_component>
      <object_component id="oc-c5">
         <name>.debug_info</name>
         <load_address>0x2ca8</load_address>
         <run_address>0x2ca8</run_address>
         <size>0x2db</size>
         <input_file_ref idref="fl-b"/>
      </object_component>
      <object_component id="oc-16c">
         <name>.debug_info</name>
         <load_address>0x2f83</load_address>
         <run_address>0x2f83</run_address>
         <size>0x5f</size>
         <input_file_ref idref="fl-b"/>
      </object_component>
      <object_component id="oc-8e">
         <name>.debug_info</name>
         <load_address>0x2fe2</load_address>
         <run_address>0x2fe2</run_address>
         <size>0x2d4</size>
         <input_file_ref idref="fl-c2"/>
      </object_component>
      <object_component id="oc-48">
         <name>.debug_info</name>
         <load_address>0x32b6</load_address>
         <run_address>0x32b6</run_address>
         <size>0x1d2</size>
         <input_file_ref idref="fl-c2"/>
      </object_component>
      <object_component id="oc-89">
         <name>.debug_info</name>
         <load_address>0x3488</load_address>
         <run_address>0x3488</run_address>
         <size>0x46</size>
         <input_file_ref idref="fl-c2"/>
      </object_component>
      <object_component id="oc-bb">
         <name>.debug_info</name>
         <load_address>0x34ce</load_address>
         <run_address>0x34ce</run_address>
         <size>0x2c</size>
         <input_file_ref idref="fl-c2"/>
      </object_component>
      <object_component id="oc-25">
         <name>.debug_info</name>
         <load_address>0x34fa</load_address>
         <run_address>0x34fa</run_address>
         <size>0x10b</size>
         <input_file_ref idref="fl-c5"/>
      </object_component>
      <object_component id="oc-5a">
         <name>.debug_info</name>
         <load_address>0x3605</load_address>
         <run_address>0x3605</run_address>
         <size>0x1a9</size>
         <input_file_ref idref="fl-c5"/>
      </object_component>
      <object_component id="oc-155">
         <name>.debug_info</name>
         <load_address>0x37ae</load_address>
         <run_address>0x37ae</run_address>
         <size>0x4b3</size>
         <input_file_ref idref="fl-c8"/>
      </object_component>
      <object_component id="oc-101">
         <name>.debug_info</name>
         <load_address>0x3c61</load_address>
         <run_address>0x3c61</run_address>
         <size>0x1a6</size>
         <input_file_ref idref="fl-c8"/>
      </object_component>
      <object_component id="oc-184">
         <name>.debug_info</name>
         <load_address>0x3e07</load_address>
         <run_address>0x3e07</run_address>
         <size>0x39</size>
         <input_file_ref idref="fl-c8"/>
      </object_component>
      <object_component id="oc-198">
         <name>.debug_info</name>
         <load_address>0x3e40</load_address>
         <run_address>0x3e40</run_address>
         <size>0x39</size>
         <input_file_ref idref="fl-c8"/>
      </object_component>
      <object_component id="oc-189">
         <name>.debug_info</name>
         <load_address>0x3e79</load_address>
         <run_address>0x3e79</run_address>
         <size>0x39</size>
         <input_file_ref idref="fl-c8"/>
      </object_component>
      <object_component id="oc-18e">
         <name>.debug_info</name>
         <load_address>0x3eb2</load_address>
         <run_address>0x3eb2</run_address>
         <size>0xcd</size>
         <input_file_ref idref="fl-c8"/>
      </object_component>
      <object_component id="oc-96">
         <name>.debug_info</name>
         <load_address>0x3f7f</load_address>
         <run_address>0x3f7f</run_address>
         <size>0x153</size>
         <input_file_ref idref="fl-c9"/>
      </object_component>
      <object_component id="oc-f2">
         <name>.debug_info</name>
         <load_address>0x40d2</load_address>
         <run_address>0x40d2</run_address>
         <size>0x122</size>
         <input_file_ref idref="fl-cb"/>
      </object_component>
      <object_component id="oc-1d2">
         <name>.debug_info</name>
         <load_address>0x41f4</load_address>
         <run_address>0x41f4</run_address>
         <size>0x9b</size>
      </object_component>
      <object_component id="oc-130">
         <name>.debug_line</name>
         <load_address>0x0</load_address>
         <run_address>0x0</run_address>
         <size>0x9b</size>
         <input_file_ref idref="fl-2"/>
      </object_component>
      <object_component id="oc-9e">
         <name>.debug_line</name>
         <load_address>0x9b</load_address>
         <run_address>0x9b</run_address>
         <size>0x61</size>
         <input_file_ref idref="fl-2"/>
      </object_component>
      <object_component id="oc-73">
         <name>.debug_line</name>
         <load_address>0xfc</load_address>
         <run_address>0xfc</run_address>
         <size>0x6f</size>
         <input_file_ref idref="fl-2"/>
      </object_component>
      <object_component id="oc-39">
         <name>.debug_line</name>
         <load_address>0x16b</load_address>
         <run_address>0x16b</run_address>
         <size>0x20</size>
         <input_file_ref idref="fl-2"/>
      </object_component>
      <object_component id="oc-b0">
         <name>.debug_line</name>
         <load_address>0x18b</load_address>
         <run_address>0x18b</run_address>
         <size>0x73</size>
         <input_file_ref idref="fl-2"/>
      </object_component>
      <object_component id="oc-78">
         <name>.debug_line</name>
         <load_address>0x1fe</load_address>
         <run_address>0x1fe</run_address>
         <size>0x70</size>
         <input_file_ref idref="fl-2"/>
      </object_component>
      <object_component id="oc-6f">
         <name>.debug_line</name>
         <load_address>0x26e</load_address>
         <run_address>0x26e</run_address>
         <size>0x41</size>
         <input_file_ref idref="fl-3"/>
      </object_component>
      <object_component id="oc-2e">
         <name>.debug_line</name>
         <load_address>0x2af</load_address>
         <run_address>0x2af</run_address>
         <size>0x41</size>
         <input_file_ref idref="fl-3"/>
      </object_component>
      <object_component id="oc-2c">
         <name>.debug_line</name>
         <load_address>0x2f0</load_address>
         <run_address>0x2f0</run_address>
         <size>0xa1</size>
         <input_file_ref idref="fl-3"/>
      </object_component>
      <object_component id="oc-173">
         <name>.debug_line</name>
         <load_address>0x391</load_address>
         <run_address>0x391</run_address>
         <size>0x82</size>
         <input_file_ref idref="fl-9"/>
      </object_component>
      <object_component id="oc-e9">
         <name>.debug_line</name>
         <load_address>0x413</load_address>
         <run_address>0x413</run_address>
         <size>0x92</size>
         <input_file_ref idref="fl-9"/>
      </object_component>
      <object_component id="oc-13a">
         <name>.debug_line</name>
         <load_address>0x4a5</load_address>
         <run_address>0x4a5</run_address>
         <size>0x95</size>
         <input_file_ref idref="fl-9"/>
      </object_component>
      <object_component id="oc-dd">
         <name>.debug_line</name>
         <load_address>0x53a</load_address>
         <run_address>0x53a</run_address>
         <size>0xd1</size>
         <input_file_ref idref="fl-9"/>
      </object_component>
      <object_component id="oc-d4">
         <name>.debug_line</name>
         <load_address>0x60b</load_address>
         <run_address>0x60b</run_address>
         <size>0x99</size>
         <input_file_ref idref="fl-9"/>
      </object_component>
      <object_component id="oc-da">
         <name>.debug_line</name>
         <load_address>0x6a4</load_address>
         <run_address>0x6a4</run_address>
         <size>0x93</size>
         <input_file_ref idref="fl-9"/>
      </object_component>
      <object_component id="oc-e6">
         <name>.debug_line</name>
         <load_address>0x737</load_address>
         <run_address>0x737</run_address>
         <size>0x92</size>
         <input_file_ref idref="fl-9"/>
      </object_component>
      <object_component id="oc-146">
         <name>.debug_line</name>
         <load_address>0x7c9</load_address>
         <run_address>0x7c9</run_address>
         <size>0x20</size>
         <input_file_ref idref="fl-9"/>
      </object_component>
      <object_component id="oc-135">
         <name>.debug_line</name>
         <load_address>0x7e9</load_address>
         <run_address>0x7e9</run_address>
         <size>0x69</size>
         <input_file_ref idref="fl-9"/>
      </object_component>
      <object_component id="oc-16b">
         <name>.debug_line</name>
         <load_address>0x852</load_address>
         <run_address>0x852</run_address>
         <size>0x13d</size>
         <input_file_ref idref="fl-b"/>
      </object_component>
      <object_component id="oc-cf">
         <name>.debug_line</name>
         <load_address>0x98f</load_address>
         <run_address>0x98f</run_address>
         <size>0x94</size>
         <input_file_ref idref="fl-b"/>
      </object_component>
      <object_component id="oc-c8">
         <name>.debug_line</name>
         <load_address>0xa23</load_address>
         <run_address>0xa23</run_address>
         <size>0xee</size>
         <input_file_ref idref="fl-b"/>
      </object_component>
      <object_component id="oc-16f">
         <name>.debug_line</name>
         <load_address>0xb11</load_address>
         <run_address>0xb11</run_address>
         <size>0x7f</size>
         <input_file_ref idref="fl-b"/>
      </object_component>
      <object_component id="oc-c1">
         <name>.debug_line</name>
         <load_address>0xb90</load_address>
         <run_address>0xb90</run_address>
         <size>0x92</size>
         <input_file_ref idref="fl-c2"/>
      </object_component>
      <object_component id="oc-4b">
         <name>.debug_line</name>
         <load_address>0xc22</load_address>
         <run_address>0xc22</run_address>
         <size>0x4c</size>
         <input_file_ref idref="fl-c2"/>
      </object_component>
      <object_component id="oc-8c">
         <name>.debug_line</name>
         <load_address>0xc6e</load_address>
         <run_address>0xc6e</run_address>
         <size>0x34</size>
         <input_file_ref idref="fl-c2"/>
      </object_component>
      <object_component id="oc-be">
         <name>.debug_line</name>
         <load_address>0xca2</load_address>
         <run_address>0xca2</run_address>
         <size>0x92</size>
         <input_file_ref idref="fl-c2"/>
      </object_component>
      <object_component id="oc-6c">
         <name>.debug_line</name>
         <load_address>0xd34</load_address>
         <run_address>0xd34</run_address>
         <size>0x33</size>
         <input_file_ref idref="fl-c5"/>
      </object_component>
      <object_component id="oc-5e">
         <name>.debug_line</name>
         <load_address>0xd67</load_address>
         <run_address>0xd67</run_address>
         <size>0x45</size>
         <input_file_ref idref="fl-c5"/>
      </object_component>
      <object_component id="oc-183">
         <name>.debug_line</name>
         <load_address>0xdac</load_address>
         <run_address>0xdac</run_address>
         <size>0xbf</size>
         <input_file_ref idref="fl-c8"/>
      </object_component>
      <object_component id="oc-ff">
         <name>.debug_line</name>
         <load_address>0xe6b</load_address>
         <run_address>0xe6b</run_address>
         <size>0x6f</size>
         <input_file_ref idref="fl-c8"/>
      </object_component>
      <object_component id="oc-187">
         <name>.debug_line</name>
         <load_address>0xeda</load_address>
         <run_address>0xeda</run_address>
         <size>0x2e</size>
         <input_file_ref idref="fl-c8"/>
      </object_component>
      <object_component id="oc-19b">
         <name>.debug_line</name>
         <load_address>0xf08</load_address>
         <run_address>0xf08</run_address>
         <size>0x9a</size>
         <input_file_ref idref="fl-c8"/>
      </object_component>
      <object_component id="oc-18c">
         <name>.debug_line</name>
         <load_address>0xfa2</load_address>
         <run_address>0xfa2</run_address>
         <size>0x97</size>
         <input_file_ref idref="fl-c8"/>
      </object_component>
      <object_component id="oc-191">
         <name>.debug_line</name>
         <load_address>0x1039</load_address>
         <run_address>0x1039</run_address>
         <size>0x93</size>
         <input_file_ref idref="fl-c8"/>
      </object_component>
      <object_component id="oc-99">
         <name>.debug_line</name>
         <load_address>0x10cc</load_address>
         <run_address>0x10cc</run_address>
         <size>0x40</size>
         <input_file_ref idref="fl-c9"/>
      </object_component>
      <object_component id="oc-f6">
         <name>.debug_line</name>
         <load_address>0x110c</load_address>
         <run_address>0x110c</run_address>
         <size>0x3c</size>
         <input_file_ref idref="fl-cb"/>
      </object_component>
      <object_component id="oc-9c">
         <name>.debug_frame</name>
         <load_address>0x0</load_address>
         <run_address>0x0</run_address>
         <size>0x5c</size>
         <input_file_ref idref="fl-2"/>
      </object_component>
      <object_component id="oc-28">
         <name>.debug_frame</name>
         <load_address>0x5c</load_address>
         <run_address>0x5c</run_address>
         <size>0x90</size>
         <input_file_ref idref="fl-3"/>
      </object_component>
      <object_component id="oc-ed">
         <name>.debug_frame</name>
         <load_address>0x294</load_address>
         <run_address>0x294</run_address>
         <size>0x7f</size>
         <input_file_ref idref="fl-9"/>
      </object_component>
      <object_component id="oc-13e">
         <name>.debug_frame</name>
         <load_address>0x313</load_address>
         <run_address>0x313</run_address>
         <size>0x7f</size>
         <input_file_ref idref="fl-9"/>
      </object_component>
      <object_component id="oc-e1">
         <name>.debug_frame</name>
         <load_address>0x392</load_address>
         <run_address>0x392</run_address>
         <size>0x8f</size>
         <input_file_ref idref="fl-9"/>
      </object_component>
      <object_component id="oc-d5">
         <name>.debug_frame</name>
         <load_address>0x421</load_address>
         <run_address>0x421</run_address>
         <size>0x8a</size>
         <input_file_ref idref="fl-9"/>
      </object_component>
      <object_component id="oc-db">
         <name>.debug_frame</name>
         <load_address>0x4ab</load_address>
         <run_address>0x4ab</run_address>
         <size>0x86</size>
         <input_file_ref idref="fl-9"/>
      </object_component>
      <object_component id="oc-e7">
         <name>.debug_frame</name>
         <load_address>0x531</load_address>
         <run_address>0x531</run_address>
         <size>0x7f</size>
         <input_file_ref idref="fl-9"/>
      </object_component>
      <object_component id="oc-cb">
         <name>.debug_frame</name>
         <load_address>0x5b0</load_address>
         <run_address>0x5b0</run_address>
         <size>0x7f</size>
         <input_file_ref idref="fl-b"/>
      </object_component>
      <object_component id="oc-c9">
         <name>.debug_frame</name>
         <load_address>0x62f</load_address>
         <run_address>0x62f</run_address>
         <size>0x93</size>
         <input_file_ref idref="fl-b"/>
      </object_component>
      <object_component id="oc-4c">
         <name>.debug_frame</name>
         <load_address>0xec</load_address>
         <run_address>0xec</run_address>
         <size>0x54</size>
         <input_file_ref idref="fl-c2"/>
      </object_component>
      <object_component id="oc-5d">
         <name>.debug_frame</name>
         <load_address>0x140</load_address>
         <run_address>0x140</run_address>
         <size>0x50</size>
         <input_file_ref idref="fl-c5"/>
      </object_component>
      <object_component id="oc-100">
         <name>.debug_frame</name>
         <load_address>0x190</load_address>
         <run_address>0x190</run_address>
         <size>0x5c</size>
         <input_file_ref idref="fl-c8"/>
      </object_component>
      <object_component id="oc-9a">
         <name>.debug_frame</name>
         <load_address>0x1ec</load_address>
         <run_address>0x1ec</run_address>
         <size>0x54</size>
         <input_file_ref idref="fl-c9"/>
      </object_component>
      <object_component id="oc-f5">
         <name>.debug_frame</name>
         <load_address>0x240</load_address>
         <run_address>0x240</run_address>
         <size>0x54</size>
         <input_file_ref idref="fl-cb"/>
      </object_component>
      <object_component id="oc-12f">
         <name>.debug_abbrev</name>
         <load_address>0x0</load_address>
         <run_address>0x0</run_address>
         <size>0x88</size>
         <input_file_ref idref="fl-2"/>
      </object_component>
      <object_component id="oc-f0">
         <name>.debug_abbrev</name>
         <load_address>0x88</load_address>
         <run_address>0x88</run_address>
         <size>0x54</size>
         <input_file_ref idref="fl-2"/>
      </object_component>
      <object_component id="oc-72">
         <name>.debug_abbrev</name>
         <load_address>0xdc</load_address>
         <run_address>0xdc</run_address>
         <size>0x69</size>
         <input_file_ref idref="fl-2"/>
      </object_component>
      <object_component id="oc-38">
         <name>.debug_abbrev</name>
         <load_address>0x145</load_address>
         <run_address>0x145</run_address>
         <size>0x1f</size>
         <input_file_ref idref="fl-2"/>
      </object_component>
      <object_component id="oc-af">
         <name>.debug_abbrev</name>
         <load_address>0x164</load_address>
         <run_address>0x164</run_address>
         <size>0x5c</size>
         <input_file_ref idref="fl-2"/>
      </object_component>
      <object_component id="oc-77">
         <name>.debug_abbrev</name>
         <load_address>0x1c0</load_address>
         <run_address>0x1c0</run_address>
         <size>0x24</size>
         <input_file_ref idref="fl-2"/>
      </object_component>
      <object_component id="oc-6e">
         <name>.debug_abbrev</name>
         <load_address>0x1e4</load_address>
         <run_address>0x1e4</run_address>
         <size>0x68</size>
         <input_file_ref idref="fl-3"/>
      </object_component>
      <object_component id="oc-2d">
         <name>.debug_abbrev</name>
         <load_address>0x24c</load_address>
         <run_address>0x24c</run_address>
         <size>0x29</size>
         <input_file_ref idref="fl-3"/>
      </object_component>
      <object_component id="oc-6d">
         <name>.debug_abbrev</name>
         <load_address>0x275</load_address>
         <run_address>0x275</run_address>
         <size>0x79</size>
         <input_file_ref idref="fl-3"/>
      </object_component>
      <object_component id="oc-172">
         <name>.debug_abbrev</name>
         <load_address>0x2ee</load_address>
         <run_address>0x2ee</run_address>
         <size>0x72</size>
         <input_file_ref idref="fl-9"/>
      </object_component>
      <object_component id="oc-149">
         <name>.debug_abbrev</name>
         <load_address>0x360</load_address>
         <run_address>0x360</run_address>
         <size>0x6c</size>
         <input_file_ref idref="fl-9"/>
      </object_component>
      <object_component id="oc-171">
         <name>.debug_abbrev</name>
         <load_address>0x3cc</load_address>
         <run_address>0x3cc</run_address>
         <size>0x6c</size>
         <input_file_ref idref="fl-9"/>
      </object_component>
      <object_component id="oc-142">
         <name>.debug_abbrev</name>
         <load_address>0x438</load_address>
         <run_address>0x438</run_address>
         <size>0x6c</size>
         <input_file_ref idref="fl-9"/>
      </object_component>
      <object_component id="oc-13f">
         <name>.debug_abbrev</name>
         <load_address>0x4a4</load_address>
         <run_address>0x4a4</run_address>
         <size>0x7a</size>
         <input_file_ref idref="fl-9"/>
      </object_component>
      <object_component id="oc-141">
         <name>.debug_abbrev</name>
         <load_address>0x51e</load_address>
         <run_address>0x51e</run_address>
         <size>0x6c</size>
         <input_file_ref idref="fl-9"/>
      </object_component>
      <object_component id="oc-148">
         <name>.debug_abbrev</name>
         <load_address>0x58a</load_address>
         <run_address>0x58a</run_address>
         <size>0x6e</size>
         <input_file_ref idref="fl-9"/>
      </object_component>
      <object_component id="oc-145">
         <name>.debug_abbrev</name>
         <load_address>0x5f8</load_address>
         <run_address>0x5f8</run_address>
         <size>0x1f</size>
         <input_file_ref idref="fl-9"/>
      </object_component>
      <object_component id="oc-134">
         <name>.debug_abbrev</name>
         <load_address>0x617</load_address>
         <run_address>0x617</run_address>
         <size>0x35</size>
         <input_file_ref idref="fl-9"/>
      </object_component>
      <object_component id="oc-16a">
         <name>.debug_abbrev</name>
         <load_address>0x64c</load_address>
         <run_address>0x64c</run_address>
         <size>0xb0</size>
         <input_file_ref idref="fl-b"/>
      </object_component>
      <object_component id="oc-138">
         <name>.debug_abbrev</name>
         <load_address>0x6fc</load_address>
         <run_address>0x6fc</run_address>
         <size>0x6c</size>
         <input_file_ref idref="fl-b"/>
      </object_component>
      <object_component id="oc-131">
         <name>.debug_abbrev</name>
         <load_address>0x768</load_address>
         <run_address>0x768</run_address>
         <size>0x7a</size>
         <input_file_ref idref="fl-b"/>
      </object_component>
      <object_component id="oc-16e">
         <name>.debug_abbrev</name>
         <load_address>0x7e2</load_address>
         <run_address>0x7e2</run_address>
         <size>0x49</size>
         <input_file_ref idref="fl-b"/>
      </object_component>
      <object_component id="oc-c0">
         <name>.debug_abbrev</name>
         <load_address>0x82b</load_address>
         <run_address>0x82b</run_address>
         <size>0x5d</size>
         <input_file_ref idref="fl-c2"/>
      </object_component>
      <object_component id="oc-88">
         <name>.debug_abbrev</name>
         <load_address>0x888</load_address>
         <run_address>0x888</run_address>
         <size>0x6f</size>
         <input_file_ref idref="fl-c2"/>
      </object_component>
      <object_component id="oc-8b">
         <name>.debug_abbrev</name>
         <load_address>0x8f7</load_address>
         <run_address>0x8f7</run_address>
         <size>0x24</size>
         <input_file_ref idref="fl-c2"/>
      </object_component>
      <object_component id="oc-bd">
         <name>.debug_abbrev</name>
         <load_address>0x91b</load_address>
         <run_address>0x91b</run_address>
         <size>0x24</size>
         <input_file_ref idref="fl-c2"/>
      </object_component>
      <object_component id="oc-6b">
         <name>.debug_abbrev</name>
         <load_address>0x93f</load_address>
         <run_address>0x93f</run_address>
         <size>0x29</size>
         <input_file_ref idref="fl-c5"/>
      </object_component>
      <object_component id="oc-a4">
         <name>.debug_abbrev</name>
         <load_address>0x968</load_address>
         <run_address>0x968</run_address>
         <size>0x55</size>
         <input_file_ref idref="fl-c5"/>
      </object_component>
      <object_component id="oc-182">
         <name>.debug_abbrev</name>
         <load_address>0x9bd</load_address>
         <run_address>0x9bd</run_address>
         <size>0xc0</size>
         <input_file_ref idref="fl-c8"/>
      </object_component>
      <object_component id="oc-154">
         <name>.debug_abbrev</name>
         <load_address>0xa7d</load_address>
         <run_address>0xa7d</run_address>
         <size>0x7e</size>
         <input_file_ref idref="fl-c8"/>
      </object_component>
      <object_component id="oc-186">
         <name>.debug_abbrev</name>
         <load_address>0xafb</load_address>
         <run_address>0xafb</run_address>
         <size>0x24</size>
         <input_file_ref idref="fl-c8"/>
      </object_component>
      <object_component id="oc-19a">
         <name>.debug_abbrev</name>
         <load_address>0xb1f</load_address>
         <run_address>0xb1f</run_address>
         <size>0x24</size>
         <input_file_ref idref="fl-c8"/>
      </object_component>
      <object_component id="oc-18b">
         <name>.debug_abbrev</name>
         <load_address>0xb43</load_address>
         <run_address>0xb43</run_address>
         <size>0x24</size>
         <input_file_ref idref="fl-c8"/>
      </object_component>
      <object_component id="oc-190">
         <name>.debug_abbrev</name>
         <load_address>0xb67</load_address>
         <run_address>0xb67</run_address>
         <size>0x4b</size>
         <input_file_ref idref="fl-c8"/>
      </object_component>
      <object_component id="oc-c3">
         <name>.debug_abbrev</name>
         <load_address>0xbb2</load_address>
         <run_address>0xbb2</run_address>
         <size>0x55</size>
         <input_file_ref idref="fl-c9"/>
      </object_component>
      <object_component id="oc-14a">
         <name>.debug_abbrev</name>
         <load_address>0xc07</load_address>
         <run_address>0xc07</run_address>
         <size>0x45</size>
         <input_file_ref idref="fl-cb"/>
      </object_component>
      <object_component id="oc-1d3">
         <name>.debug_abbrev</name>
         <load_address>0xc4c</load_address>
         <run_address>0xc4c</run_address>
         <size>0xf</size>
      </object_component>
      <object_component id="oc-74">
         <name>.debug_str</name>
         <load_address>0x0</load_address>
         <run_address>0x0</run_address>
         <size>0x2ac</size>
         <input_file_ref idref="fl-2"/>
      </object_component>
      <object_component id="oc-3a">
         <name>.debug_str</name>
         <load_address>0x2ac</load_address>
         <run_address>0x2ac</run_address>
         <size>0xfd</size>
         <input_file_ref idref="fl-2"/>
      </object_component>
      <object_component id="oc-b1">
         <name>.debug_str</name>
         <load_address>0x3a9</load_address>
         <run_address>0x3a9</run_address>
         <size>0x342</size>
         <input_file_ref idref="fl-2"/>
      </object_component>
      <object_component id="oc-79">
         <name>.debug_str</name>
         <load_address>0x6eb</load_address>
         <run_address>0x6eb</run_address>
         <size>0x144</size>
         <input_file_ref idref="fl-2"/>
      </object_component>
      <object_component id="oc-147">
         <name>.debug_str</name>
         <load_address>0x82f</load_address>
         <run_address>0x82f</run_address>
         <size>0xf5</size>
         <input_file_ref idref="fl-9"/>
      </object_component>
      <object_component id="oc-136">
         <name>.debug_str</name>
         <load_address>0x924</load_address>
         <run_address>0x924</run_address>
         <size>0x241</size>
         <input_file_ref idref="fl-9"/>
      </object_component>
      <object_component id="oc-170">
         <name>.debug_str</name>
         <load_address>0xb65</load_address>
         <run_address>0xb65</run_address>
         <size>0x141</size>
         <input_file_ref idref="fl-b"/>
      </object_component>
      <object_component id="oc-8d">
         <name>.debug_str</name>
         <load_address>0xca6</load_address>
         <run_address>0xca6</run_address>
         <size>0x105</size>
         <input_file_ref idref="fl-c2"/>
      </object_component>
      <object_component id="oc-bf">
         <name>.debug_str</name>
         <load_address>0xdab</load_address>
         <run_address>0xdab</run_address>
         <size>0x140</size>
         <input_file_ref idref="fl-c2"/>
      </object_component>
      <object_component id="oc-188">
         <name>.debug_str</name>
         <load_address>0xeeb</load_address>
         <run_address>0xeeb</run_address>
         <size>0xed</size>
         <input_file_ref idref="fl-c8"/>
      </object_component>
      <object_component id="oc-19c">
         <name>.debug_str</name>
         <load_address>0xfd8</load_address>
         <run_address>0xfd8</run_address>
         <size>0x157</size>
         <input_file_ref idref="fl-c8"/>
      </object_component>
      <object_component id="oc-18d">
         <name>.debug_str</name>
         <load_address>0x112f</load_address>
         <run_address>0x112f</run_address>
         <size>0x150</size>
         <input_file_ref idref="fl-c8"/>
      </object_component>
      <object_component id="oc-192">
         <name>.debug_str</name>
         <load_address>0x127f</load_address>
         <run_address>0x127f</run_address>
         <size>0x197</size>
         <input_file_ref idref="fl-c8"/>
      </object_component>
      <object_component id="oc-9d">
         <name>.debug_aranges</name>
         <load_address>0x0</load_address>
         <run_address>0x0</run_address>
         <size>0x20</size>
         <input_file_ref idref="fl-2"/>
      </object_component>
      <object_component id="oc-2b">
         <name>.debug_aranges</name>
         <load_address>0x20</load_address>
         <run_address>0x20</run_address>
         <size>0x38</size>
         <input_file_ref idref="fl-3"/>
      </object_component>
      <object_component id="oc-eb">
         <name>.debug_aranges</name>
         <load_address>0x58</load_address>
         <run_address>0x58</run_address>
         <size>0x20</size>
         <input_file_ref idref="fl-9"/>
      </object_component>
      <object_component id="oc-13c">
         <name>.debug_aranges</name>
         <load_address>0x78</load_address>
         <run_address>0x78</run_address>
         <size>0x20</size>
         <input_file_ref idref="fl-9"/>
      </object_component>
      <object_component id="oc-df">
         <name>.debug_aranges</name>
         <load_address>0x98</load_address>
         <run_address>0x98</run_address>
         <size>0x20</size>
         <input_file_ref idref="fl-9"/>
      </object_component>
      <object_component id="oc-d2">
         <name>.debug_aranges</name>
         <load_address>0xb8</load_address>
         <run_address>0xb8</run_address>
         <size>0x20</size>
         <input_file_ref idref="fl-9"/>
      </object_component>
      <object_component id="oc-d8">
         <name>.debug_aranges</name>
         <load_address>0xd8</load_address>
         <run_address>0xd8</run_address>
         <size>0x20</size>
         <input_file_ref idref="fl-9"/>
      </object_component>
      <object_component id="oc-e5">
         <name>.debug_aranges</name>
         <load_address>0xf8</load_address>
         <run_address>0xf8</run_address>
         <size>0x20</size>
         <input_file_ref idref="fl-9"/>
      </object_component>
      <object_component id="oc-cd">
         <name>.debug_aranges</name>
         <load_address>0x118</load_address>
         <run_address>0x118</run_address>
         <size>0x20</size>
         <input_file_ref idref="fl-b"/>
      </object_component>
      <object_component id="oc-c6">
         <name>.debug_aranges</name>
         <load_address>0x138</load_address>
         <run_address>0x138</run_address>
         <size>0x20</size>
         <input_file_ref idref="fl-b"/>
      </object_component>
      <object_component id="oc-49">
         <name>.debug_aranges</name>
         <load_address>0x158</load_address>
         <run_address>0x158</run_address>
         <size>0x20</size>
         <input_file_ref idref="fl-c2"/>
      </object_component>
      <object_component id="oc-5b">
         <name>.debug_aranges</name>
         <load_address>0x178</load_address>
         <run_address>0x178</run_address>
         <size>0x20</size>
         <input_file_ref idref="fl-c5"/>
      </object_component>
      <object_component id="oc-fe">
         <name>.debug_aranges</name>
         <load_address>0x198</load_address>
         <run_address>0x198</run_address>
         <size>0x20</size>
         <input_file_ref idref="fl-c8"/>
      </object_component>
      <object_component id="oc-98">
         <name>.debug_aranges</name>
         <load_address>0x1b8</load_address>
         <run_address>0x1b8</run_address>
         <size>0x20</size>
         <input_file_ref idref="fl-c9"/>
      </object_component>
      <object_component id="oc-f4">
         <name>.debug_aranges</name>
         <load_address>0x1d8</load_address>
         <run_address>0x1d8</run_address>
         <size>0x20</size>
         <input_file_ref idref="fl-cb"/>
      </object_component>
      <object_component id="oc-b3">
         <name>.debug_pubnames</name>
         <load_address>0x0</load_address>
         <run_address>0x0</run_address>
         <size>0x1d</size>
         <input_file_ref idref="fl-2"/>
      </object_component>
      <object_component id="oc-a0">
         <name>.debug_pubnames</name>
         <load_address>0x1d</load_address>
         <run_address>0x1d</run_address>
         <size>0x1b</size>
         <input_file_ref idref="fl-2"/>
      </object_component>
      <object_component id="oc-14">
         <name>.debug_pubnames</name>
         <load_address>0x38</load_address>
         <run_address>0x38</run_address>
         <size>0x23</size>
         <input_file_ref idref="fl-3"/>
      </object_component>
      <object_component id="oc-2a">
         <name>.debug_pubnames</name>
         <load_address>0x5b</load_address>
         <run_address>0x5b</run_address>
         <size>0x4c</size>
         <input_file_ref idref="fl-3"/>
      </object_component>
      <object_component id="oc-ec">
         <name>.debug_pubnames</name>
         <load_address>0xa7</load_address>
         <run_address>0xa7</run_address>
         <size>0x23</size>
         <input_file_ref idref="fl-9"/>
      </object_component>
      <object_component id="oc-13d">
         <name>.debug_pubnames</name>
         <load_address>0xca</load_address>
         <run_address>0xca</run_address>
         <size>0x25</size>
         <input_file_ref idref="fl-9"/>
      </object_component>
      <object_component id="oc-e0">
         <name>.debug_pubnames</name>
         <load_address>0xef</load_address>
         <run_address>0xef</run_address>
         <size>0x27</size>
         <input_file_ref idref="fl-9"/>
      </object_component>
      <object_component id="oc-d3">
         <name>.debug_pubnames</name>
         <load_address>0x116</load_address>
         <run_address>0x116</run_address>
         <size>0x2c</size>
         <input_file_ref idref="fl-9"/>
      </object_component>
      <object_component id="oc-d9">
         <name>.debug_pubnames</name>
         <load_address>0x142</load_address>
         <run_address>0x142</run_address>
         <size>0x2b</size>
         <input_file_ref idref="fl-9"/>
      </object_component>
      <object_component id="oc-e4">
         <name>.debug_pubnames</name>
         <load_address>0x16d</load_address>
         <run_address>0x16d</run_address>
         <size>0x22</size>
         <input_file_ref idref="fl-9"/>
      </object_component>
      <object_component id="oc-ce">
         <name>.debug_pubnames</name>
         <load_address>0x18f</load_address>
         <run_address>0x18f</run_address>
         <size>0x2d</size>
         <input_file_ref idref="fl-b"/>
      </object_component>
      <object_component id="oc-c7">
         <name>.debug_pubnames</name>
         <load_address>0x1bc</load_address>
         <run_address>0x1bc</run_address>
         <size>0x25</size>
         <input_file_ref idref="fl-b"/>
      </object_component>
      <object_component id="oc-4a">
         <name>.debug_pubnames</name>
         <load_address>0x1e1</load_address>
         <run_address>0x1e1</run_address>
         <size>0x2e</size>
         <input_file_ref idref="fl-c2"/>
      </object_component>
      <object_component id="oc-26">
         <name>.debug_pubnames</name>
         <load_address>0x20f</load_address>
         <run_address>0x20f</run_address>
         <size>0x1e</size>
         <input_file_ref idref="fl-c5"/>
      </object_component>
      <object_component id="oc-5c">
         <name>.debug_pubnames</name>
         <load_address>0x22d</load_address>
         <run_address>0x22d</run_address>
         <size>0x26</size>
         <input_file_ref idref="fl-c5"/>
      </object_component>
      <object_component id="oc-102">
         <name>.debug_pubnames</name>
         <load_address>0x253</load_address>
         <run_address>0x253</run_address>
         <size>0x35</size>
         <input_file_ref idref="fl-c8"/>
      </object_component>
      <object_component id="oc-97">
         <name>.debug_pubnames</name>
         <load_address>0x288</load_address>
         <run_address>0x288</run_address>
         <size>0x27</size>
         <input_file_ref idref="fl-c9"/>
      </object_component>
      <object_component id="oc-f3">
         <name>.debug_pubnames</name>
         <load_address>0x2af</load_address>
         <run_address>0x2af</run_address>
         <size>0x1c</size>
         <input_file_ref idref="fl-cb"/>
      </object_component>
      <object_component id="oc-71">
         <name>.debug_pubtypes</name>
         <load_address>0x0</load_address>
         <run_address>0x0</run_address>
         <size>0x25c</size>
         <input_file_ref idref="fl-2"/>
      </object_component>
      <object_component id="oc-37">
         <name>.debug_pubtypes</name>
         <load_address>0x25c</load_address>
         <run_address>0x25c</run_address>
         <size>0xed</size>
         <input_file_ref idref="fl-2"/>
      </object_component>
      <object_component id="oc-ae">
         <name>.debug_pubtypes</name>
         <load_address>0x349</load_address>
         <run_address>0x349</run_address>
         <size>0x330</size>
         <input_file_ref idref="fl-2"/>
      </object_component>
      <object_component id="oc-76">
         <name>.debug_pubtypes</name>
         <load_address>0x679</load_address>
         <run_address>0x679</run_address>
         <size>0xaa</size>
         <input_file_ref idref="fl-2"/>
      </object_component>
      <object_component id="oc-144">
         <name>.debug_pubtypes</name>
         <load_address>0x723</load_address>
         <run_address>0x723</run_address>
         <size>0xff</size>
         <input_file_ref idref="fl-9"/>
      </object_component>
      <object_component id="oc-133">
         <name>.debug_pubtypes</name>
         <load_address>0x822</load_address>
         <run_address>0x822</run_address>
         <size>0x1c6</size>
         <input_file_ref idref="fl-9"/>
      </object_component>
      <object_component id="oc-16d">
         <name>.debug_pubtypes</name>
         <load_address>0x9e8</load_address>
         <run_address>0x9e8</run_address>
         <size>0x28</size>
         <input_file_ref idref="fl-b"/>
      </object_component>
      <object_component id="oc-8a">
         <name>.debug_pubtypes</name>
         <load_address>0xa10</load_address>
         <run_address>0xa10</run_address>
         <size>0x48</size>
         <input_file_ref idref="fl-c2"/>
      </object_component>
      <object_component id="oc-bc">
         <name>.debug_pubtypes</name>
         <load_address>0xa58</load_address>
         <run_address>0xa58</run_address>
         <size>0x1d</size>
         <input_file_ref idref="fl-c2"/>
      </object_component>
      <object_component id="oc-185">
         <name>.debug_pubtypes</name>
         <load_address>0xa75</load_address>
         <run_address>0xa75</run_address>
         <size>0x32</size>
         <input_file_ref idref="fl-c8"/>
      </object_component>
      <object_component id="oc-199">
         <name>.debug_pubtypes</name>
         <load_address>0xaa7</load_address>
         <run_address>0xaa7</run_address>
         <size>0x30</size>
         <input_file_ref idref="fl-c8"/>
      </object_component>
      <object_component id="oc-18a">
         <name>.debug_pubtypes</name>
         <load_address>0xad7</load_address>
         <run_address>0xad7</run_address>
         <size>0x2c</size>
         <input_file_ref idref="fl-c8"/>
      </object_component>
      <object_component id="oc-18f">
         <name>.debug_pubtypes</name>
         <load_address>0xb03</load_address>
         <run_address>0xb03</run_address>
         <size>0x50</size>
         <input_file_ref idref="fl-c8"/>
      </object_component>
   </object_component_list>
   <logical_group_list>
      <logical_group id="lg-3" display="no" color="cyan">
         <name>.intvecs</name>
         <load_address>0x0</load_address>
         <run_address>0x0</run_address>
         <size>0x26c</size>
         <contents>
            <object_component_ref idref="oc-12"/>
         </contents>
      </logical_group>
      <logical_group id="lg-4" display="no" color="cyan">
         <name>.text</name>
         <load_address>0x26c</load_address>
         <run_address>0x26c</run_address>
         <size>0x442</size>
         <contents>
            <object_component_ref idref="oc-dc"/>
            <object_component_ref idref="oc-c4"/>
            <object_component_ref idref="oc-9b"/>
            <object_component_ref idref="oc-fd"/>
            <object_component_ref idref="oc-ca"/>
            <object_component_ref idref="oc-59"/>
            <object_component_ref idref="oc-139"/>
            <object_component_ref idref="oc-47"/>
            <object_component_ref idref="oc-d0"/>
            <object_component_ref idref="oc-d6"/>
            <object_component_ref idref="oc-27"/>
            <object_component_ref idref="oc-e2"/>
            <object_component_ref idref="oc-e8"/>
            <object_component_ref idref="oc-ee"/>
            <object_component_ref idref="oc-95"/>
            <object_component_ref idref="oc-f1"/>
         </contents>
      </logical_group>
      <logical_group id="lg-5" display="no" color="cyan">
         <name>.const</name>
         <run_address>0x0</run_address>
         <size>0x0</size>
         <contents>
         </contents>
      </logical_group>
      <logical_group id="lg-6" display="no" color="cyan">
         <name>.cinit</name>
         <load_address>0x6b0</load_address>
         <run_address>0x6b0</run_address>
         <size>0x14</size>
         <contents>
            <object_component_ref idref="oc-1cf"/>
            <object_component_ref idref="oc-1cd"/>
            <object_component_ref idref="oc-1ce"/>
         </contents>
      </logical_group>
      <logical_group id="lg-7" display="no" color="cyan">
         <name>.pinit</name>
         <run_address>0x0</run_address>
         <size>0x0</size>
         <contents>
         </contents>
      </logical_group>
      <logical_group id="lg-8" display="no" color="cyan">
         <name>.init_array</name>
         <run_address>0x0</run_address>
         <size>0x0</size>
         <contents>
         </contents>
      </logical_group>
      <logical_group id="lg-9" display="no" color="cyan">
         <name>.vtable</name>
         <run_address>0x0</run_address>
         <size>0x0</size>
         <contents>
         </contents>
      </logical_group>
      <logical_group id="lg-a" display="no" color="cyan">
         <name>.data</name>
         <run_address>0x0</run_address>
         <size>0x0</size>
         <contents>
         </contents>
      </logical_group>
      <logical_group id="lg-b" display="no" color="cyan">
         <name>.bss</name>
         <run_address>0x20000200</run_address>
         <size>0x4</size>
         <contents>
            <object_component_ref idref="oc-ef"/>
         </contents>
      </logical_group>
      <logical_group id="lg-c" display="no" color="cyan">
         <name>.sysmem</name>
         <run_address>0x0</run_address>
         <size>0x0</size>
         <contents>
         </contents>
      </logical_group>
      <logical_group id="lg-d" display="no" color="cyan">
         <name>.stack</name>
         <run_address>0x20000000</run_address>
         <size>0x200</size>
         <contents>
            <object_component_ref idref="oc-24"/>
            <object_component_ref idref="oc-1d1"/>
         </contents>
      </logical_group>
      <logical_group id="lg-1a4" display="no" color="cyan">
         <name>.TI.noinit</name>
         <run_address>0x0</run_address>
         <size>0x0</size>
         <contents>
         </contents>
      </logical_group>
      <logical_group id="lg-1a5" display="no" color="cyan">
         <name>.TI.persistent</name>
         <run_address>0x0</run_address>
         <size>0x0</size>
         <contents>
         </contents>
      </logical_group>
      <logical_group id="lg-1a6" display="no" color="cyan">
         <name>__llvm_prf_cnts</name>
         <run_address>0x20000000</run_address>
         <size>0x0</size>
         <contents>
         </contents>
      </logical_group>
      <logical_group id="lg-1b5" display="never" color="cyan">
         <name>.debug_info</name>
         <load_address>0x0</load_address>
         <run_address>0x0</run_address>
         <size>0x428f</size>
         <contents>
            <object_component_ref idref="oc-b2"/>
            <object_component_ref idref="oc-9f"/>
            <object_component_ref idref="oc-70"/>
            <object_component_ref idref="oc-36"/>
            <object_component_ref idref="oc-ad"/>
            <object_component_ref idref="oc-75"/>
            <object_component_ref idref="oc-2f"/>
            <object_component_ref idref="oc-13"/>
            <object_component_ref idref="oc-29"/>
            <object_component_ref idref="oc-140"/>
            <object_component_ref idref="oc-ea"/>
            <object_component_ref idref="oc-13b"/>
            <object_component_ref idref="oc-de"/>
            <object_component_ref idref="oc-d1"/>
            <object_component_ref idref="oc-d7"/>
            <object_component_ref idref="oc-e3"/>
            <object_component_ref idref="oc-143"/>
            <object_component_ref idref="oc-132"/>
            <object_component_ref idref="oc-137"/>
            <object_component_ref idref="oc-cc"/>
            <object_component_ref idref="oc-c5"/>
            <object_component_ref idref="oc-16c"/>
            <object_component_ref idref="oc-8e"/>
            <object_component_ref idref="oc-48"/>
            <object_component_ref idref="oc-89"/>
            <object_component_ref idref="oc-bb"/>
            <object_component_ref idref="oc-25"/>
            <object_component_ref idref="oc-5a"/>
            <object_component_ref idref="oc-155"/>
            <object_component_ref idref="oc-101"/>
            <object_component_ref idref="oc-184"/>
            <object_component_ref idref="oc-198"/>
            <object_component_ref idref="oc-189"/>
            <object_component_ref idref="oc-18e"/>
            <object_component_ref idref="oc-96"/>
            <object_component_ref idref="oc-f2"/>
            <object_component_ref idref="oc-1d2"/>
         </contents>
      </logical_group>
      <logical_group id="lg-1b7" display="never" color="cyan">
         <name>.debug_line</name>
         <load_address>0x0</load_address>
         <run_address>0x0</run_address>
         <size>0x1148</size>
         <contents>
            <object_component_ref idref="oc-130"/>
            <object_component_ref idref="oc-9e"/>
            <object_component_ref idref="oc-73"/>
            <object_component_ref idref="oc-39"/>
            <object_component_ref idref="oc-b0"/>
            <object_component_ref idref="oc-78"/>
            <object_component_ref idref="oc-6f"/>
            <object_component_ref idref="oc-2e"/>
            <object_component_ref idref="oc-2c"/>
            <object_component_ref idref="oc-173"/>
            <object_component_ref idref="oc-e9"/>
            <object_component_ref idref="oc-13a"/>
            <object_component_ref idref="oc-dd"/>
            <object_component_ref idref="oc-d4"/>
            <object_component_ref idref="oc-da"/>
            <object_component_ref idref="oc-e6"/>
            <object_component_ref idref="oc-146"/>
            <object_component_ref idref="oc-135"/>
            <object_component_ref idref="oc-16b"/>
            <object_component_ref idref="oc-cf"/>
            <object_component_ref idref="oc-c8"/>
            <object_component_ref idref="oc-16f"/>
            <object_component_ref idref="oc-c1"/>
            <object_component_ref idref="oc-4b"/>
            <object_component_ref idref="oc-8c"/>
            <object_component_ref idref="oc-be"/>
            <object_component_ref idref="oc-6c"/>
            <object_component_ref idref="oc-5e"/>
            <object_component_ref idref="oc-183"/>
            <object_component_ref idref="oc-ff"/>
            <object_component_ref idref="oc-187"/>
            <object_component_ref idref="oc-19b"/>
            <object_component_ref idref="oc-18c"/>
            <object_component_ref idref="oc-191"/>
            <object_component_ref idref="oc-99"/>
            <object_component_ref idref="oc-f6"/>
         </contents>
      </logical_group>
      <logical_group id="lg-1b9" display="never" color="cyan">
         <name>.debug_frame</name>
         <load_address>0x0</load_address>
         <run_address>0x0</run_address>
         <size>0x6c2</size>
         <contents>
            <object_component_ref idref="oc-9c"/>
            <object_component_ref idref="oc-28"/>
            <object_component_ref idref="oc-ed"/>
            <object_component_ref idref="oc-13e"/>
            <object_component_ref idref="oc-e1"/>
            <object_component_ref idref="oc-d5"/>
            <object_component_ref idref="oc-db"/>
            <object_component_ref idref="oc-e7"/>
            <object_component_ref idref="oc-cb"/>
            <object_component_ref idref="oc-c9"/>
            <object_component_ref idref="oc-4c"/>
            <object_component_ref idref="oc-5d"/>
            <object_component_ref idref="oc-100"/>
            <object_component_ref idref="oc-9a"/>
            <object_component_ref idref="oc-f5"/>
         </contents>
      </logical_group>
      <logical_group id="lg-1bb" display="never" color="cyan">
         <name>.debug_abbrev</name>
         <load_address>0x0</load_address>
         <run_address>0x0</run_address>
         <size>0xc5b</size>
         <contents>
            <object_component_ref idref="oc-12f"/>
            <object_component_ref idref="oc-f0"/>
            <object_component_ref idref="oc-72"/>
            <object_component_ref idref="oc-38"/>
            <object_component_ref idref="oc-af"/>
            <object_component_ref idref="oc-77"/>
            <object_component_ref idref="oc-6e"/>
            <object_component_ref idref="oc-2d"/>
            <object_component_ref idref="oc-6d"/>
            <object_component_ref idref="oc-172"/>
            <object_component_ref idref="oc-149"/>
            <object_component_ref idref="oc-171"/>
            <object_component_ref idref="oc-142"/>
            <object_component_ref idref="oc-13f"/>
            <object_component_ref idref="oc-141"/>
            <object_component_ref idref="oc-148"/>
            <object_component_ref idref="oc-145"/>
            <object_component_ref idref="oc-134"/>
            <object_component_ref idref="oc-16a"/>
            <object_component_ref idref="oc-138"/>
            <object_component_ref idref="oc-131"/>
            <object_component_ref idref="oc-16e"/>
            <object_component_ref idref="oc-c0"/>
            <object_component_ref idref="oc-88"/>
            <object_component_ref idref="oc-8b"/>
            <object_component_ref idref="oc-bd"/>
            <object_component_ref idref="oc-6b"/>
            <object_component_ref idref="oc-a4"/>
            <object_component_ref idref="oc-182"/>
            <object_component_ref idref="oc-154"/>
            <object_component_ref idref="oc-186"/>
            <object_component_ref idref="oc-19a"/>
            <object_component_ref idref="oc-18b"/>
            <object_component_ref idref="oc-190"/>
            <object_component_ref idref="oc-c3"/>
            <object_component_ref idref="oc-14a"/>
            <object_component_ref idref="oc-1d3"/>
         </contents>
      </logical_group>
      <logical_group id="lg-1bd" display="never" color="cyan">
         <name>.debug_str</name>
         <load_address>0x0</load_address>
         <run_address>0x0</run_address>
         <size>0x1416</size>
         <contents>
            <object_component_ref idref="oc-74"/>
            <object_component_ref idref="oc-3a"/>
            <object_component_ref idref="oc-b1"/>
            <object_component_ref idref="oc-79"/>
            <object_component_ref idref="oc-147"/>
            <object_component_ref idref="oc-136"/>
            <object_component_ref idref="oc-170"/>
            <object_component_ref idref="oc-8d"/>
            <object_component_ref idref="oc-bf"/>
            <object_component_ref idref="oc-188"/>
            <object_component_ref idref="oc-19c"/>
            <object_component_ref idref="oc-18d"/>
            <object_component_ref idref="oc-192"/>
         </contents>
      </logical_group>
      <logical_group id="lg-1bf" display="never" color="cyan">
         <name>.debug_aranges</name>
         <load_address>0x0</load_address>
         <run_address>0x0</run_address>
         <size>0x1f8</size>
         <contents>
            <object_component_ref idref="oc-9d"/>
            <object_component_ref idref="oc-2b"/>
            <object_component_ref idref="oc-eb"/>
            <object_component_ref idref="oc-13c"/>
            <object_component_ref idref="oc-df"/>
            <object_component_ref idref="oc-d2"/>
            <object_component_ref idref="oc-d8"/>
            <object_component_ref idref="oc-e5"/>
            <object_component_ref idref="oc-cd"/>
            <object_component_ref idref="oc-c6"/>
            <object_component_ref idref="oc-49"/>
            <object_component_ref idref="oc-5b"/>
            <object_component_ref idref="oc-fe"/>
            <object_component_ref idref="oc-98"/>
            <object_component_ref idref="oc-f4"/>
         </contents>
      </logical_group>
      <logical_group id="lg-1c1" display="never" color="cyan">
         <name>.debug_pubnames</name>
         <load_address>0x0</load_address>
         <run_address>0x0</run_address>
         <size>0x2cb</size>
         <contents>
            <object_component_ref idref="oc-b3"/>
            <object_component_ref idref="oc-a0"/>
            <object_component_ref idref="oc-14"/>
            <object_component_ref idref="oc-2a"/>
            <object_component_ref idref="oc-ec"/>
            <object_component_ref idref="oc-13d"/>
            <object_component_ref idref="oc-e0"/>
            <object_component_ref idref="oc-d3"/>
            <object_component_ref idref="oc-d9"/>
            <object_component_ref idref="oc-e4"/>
            <object_component_ref idref="oc-ce"/>
            <object_component_ref idref="oc-c7"/>
            <object_component_ref idref="oc-4a"/>
            <object_component_ref idref="oc-26"/>
            <object_component_ref idref="oc-5c"/>
            <object_component_ref idref="oc-102"/>
            <object_component_ref idref="oc-97"/>
            <object_component_ref idref="oc-f3"/>
         </contents>
      </logical_group>
      <logical_group id="lg-1c3" display="never" color="cyan">
         <name>.debug_pubtypes</name>
         <load_address>0x0</load_address>
         <run_address>0x0</run_address>
         <size>0xb53</size>
         <contents>
            <object_component_ref idref="oc-71"/>
            <object_component_ref idref="oc-37"/>
            <object_component_ref idref="oc-ae"/>
            <object_component_ref idref="oc-76"/>
            <object_component_ref idref="oc-144"/>
            <object_component_ref idref="oc-133"/>
            <object_component_ref idref="oc-16d"/>
            <object_component_ref idref="oc-8a"/>
            <object_component_ref idref="oc-bc"/>
            <object_component_ref idref="oc-185"/>
            <object_component_ref idref="oc-199"/>
            <object_component_ref idref="oc-18a"/>
            <object_component_ref idref="oc-18f"/>
         </contents>
      </logical_group>
      <logical_group id="lg-1d0" display="no" color="cyan">
         <name>Veneer$$CMSE</name>
         <run_address>0x0</run_address>
         <size>0x0</size>
         <contents>
         </contents>
      </logical_group>
      <load_segment id="lg-1d5" display="no" color="cyan">
         <name>SEGMENT_0</name>
         <load_address>0x0</load_address>
         <run_address>0x0</run_address>
         <size>0x6c4</size>
         <flags>0x5</flags>
         <contents>
            <logical_group_ref idref="lg-3"/>
            <logical_group_ref idref="lg-4"/>
            <logical_group_ref idref="lg-6"/>
         </contents>
      </load_segment>
      <load_segment id="lg-1d6" display="no" color="cyan">
         <name>SEGMENT_1</name>
         <run_address>0x20000000</run_address>
         <size>0x204</size>
         <flags>0x6</flags>
         <contents>
            <logical_group_ref idref="lg-d"/>
            <logical_group_ref idref="lg-b"/>
         </contents>
      </load_segment>
   </logical_group_list>
   <placement_map>
      <memory_area display="yes" color="green">
         <name>FLASH</name>
         <page_id>0x0</page_id>
         <origin>0x0</origin>
         <length>0x40000</length>
         <used_space>0x6c2</used_space>
         <unused_space>0x3f93e</unused_space>
         <attributes>RX</attributes>
         <usage_details>
            <allocated_space>
               <start_address>0x0</start_address>
               <size>0x26c</size>
               <logical_group_ref idref="lg-3"/>
            </allocated_space>
            <allocated_space>
               <start_address>0x26c</start_address>
               <size>0x442</size>
               <logical_group_ref idref="lg-4"/>
            </allocated_space>
            <available_space>
               <start_address>0x6ae</start_address>
               <size>0x2</size>
            </available_space>
            <allocated_space>
               <start_address>0x6b0</start_address>
               <size>0x14</size>
               <logical_group_ref idref="lg-6"/>
            </allocated_space>
            <available_space>
               <start_address>0x6c4</start_address>
               <size>0x3f93c</size>
            </available_space>
         </usage_details>
      </memory_area>
      <memory_area display="yes" color="green">
         <name>SRAM</name>
         <page_id>0x0</page_id>
         <origin>0x20000000</origin>
         <length>0x8000</length>
         <used_space>0x204</used_space>
         <unused_space>0x7dfc</unused_space>
         <attributes>RWX</attributes>
         <usage_details>
            <allocated_space>
               <start_address>0x20000000</start_address>
               <size>0x0</size>
               <logical_group_ref idref="lg-1a6"/>
            </allocated_space>
            <allocated_space>
               <start_address>0x20000000</start_address>
               <size>0x200</size>
               <logical_group_ref idref="lg-d"/>
            </allocated_space>
            <allocated_space>
               <start_address>0x20000200</start_address>
               <size>0x4</size>
               <logical_group_ref idref="lg-b"/>
            </allocated_space>
            <available_space>
               <start_address>0x20000204</start_address>
               <size>0x7dfc</size>
            </available_space>
         </usage_details>
      </memory_area>
   </placement_map>
   <cptbl_list>
      <cptbl>
         <name>__TI_cinit_table</name>
         <cprec>
            <name>.bss</name>
            <load_address>0x6b0</load_address>
            <load_size>0x8</load_size>
            <run_address>0x20000200</run_address>
            <run_size>0x4</run_size>
            <compression>zero_init</compression>
         </cprec>
      </cptbl>
   </cptbl_list>
   <handler_table>
      <handler_table_name>__TI_handler_table</handler_table_name>
      <handler>
         <index>0x0</index>
         <name>__TI_zero_init</name>
      </handler>
   </handler_table>
   <symbol_table>
      <symbol id="sm-1">
         <name>__STACK_TOP</name>
         <value>0x20000200</value>
      </symbol>
      <symbol id="sm-2">
         <name>__start___llvm_prf_cnts</name>
         <value>0x20000000</value>
      </symbol>
      <symbol id="sm-3">
         <name>__stop___llvm_prf_cnts</name>
         <value>0x20000000</value>
      </symbol>
      <symbol id="sm-4">
         <name>__TI_CINIT_Base</name>
         <value>0x6bc</value>
      </symbol>
      <symbol id="sm-5">
         <name>__TI_CINIT_Limit</name>
         <value>0x6c4</value>
      </symbol>
      <symbol id="sm-6">
         <name>__TI_Handler_Table_Base</name>
         <value>0x6b8</value>
      </symbol>
      <symbol id="sm-7">
         <name>__TI_Handler_Table_Limit</name>
         <value>0x6bc</value>
      </symbol>
      <symbol id="sm-8">
         <name>binit</name>
         <value>0xffffffff</value>
      </symbol>
      <symbol id="sm-9">
         <name>__binit__</name>
         <value>0xffffffff</value>
      </symbol>
      <symbol id="sm-a">
         <name>__STACK_SIZE</name>
         <value>0x200</value>
      </symbol>
      <symbol id="sm-b">
         <name>__STACK_END</name>
         <value>0x20000200</value>
      </symbol>
      <symbol id="sm-c">
         <name>__c_args__</name>
         <value>0xffffffff</value>
      </symbol>
      <symbol id="sm-d">
         <name>__TI_pprof_out_hndl</name>
         <value>0xffffffff</value>
      </symbol>
      <symbol id="sm-e">
         <name>__TI_prof_data_start</name>
         <value>0xffffffff</value>
      </symbol>
      <symbol id="sm-f">
         <name>__TI_prof_data_size</name>
         <value>0xffffffff</value>
      </symbol>
      <symbol id="sm-50">
         <name>estado</name>
         <value>0x20000200</value>
      </symbol>
      <symbol id="sm-51">
         <name>main</name>
         <value>0x495</value>
         <object_component_ref idref="oc-9b"/>
      </symbol>
      <symbol id="sm-6d">
         <name>ResetISR</name>
         <value>0x689</value>
         <object_component_ref idref="oc-27"/>
      </symbol>
      <symbol id="sm-6e">
         <name>g_pfnVectors</name>
         <value>0x0</value>
         <object_component_ref idref="oc-12"/>
      </symbol>
      <symbol id="sm-af">
         <name>GPIOPinTypeGPIOInput</name>
         <value>0x677</value>
         <object_component_ref idref="oc-d6"/>
      </symbol>
      <symbol id="sm-b0">
         <name>GPIOPinTypeGPIOOutput</name>
         <value>0x65f</value>
         <object_component_ref idref="oc-d0"/>
      </symbol>
      <symbol id="sm-b1">
         <name>GPIOPinRead</name>
         <value>0x695</value>
         <object_component_ref idref="oc-e2"/>
      </symbol>
      <symbol id="sm-b2">
         <name>GPIODirModeSet</name>
         <value>0x619</value>
         <object_component_ref idref="oc-139"/>
      </symbol>
      <symbol id="sm-b3">
         <name>GPIOPinWrite</name>
         <value>0x69b</value>
         <object_component_ref idref="oc-e8"/>
      </symbol>
      <symbol id="sm-b4">
         <name>GPIOPadConfigSet</name>
         <value>0x26d</value>
         <object_component_ref idref="oc-dc"/>
      </symbol>
      <symbol id="sm-e1">
         <name>SysCtlClockSet</name>
         <value>0x3a1</value>
         <object_component_ref idref="oc-c4"/>
      </symbol>
      <symbol id="sm-e2">
         <name>SysCtlDelay</name>
         <value>0x6a1</value>
         <object_component_ref idref="oc-ee"/>
      </symbol>
      <symbol id="sm-e3">
         <name>SysCtlPeripheralEnable</name>
         <value>0x5b1</value>
         <object_component_ref idref="oc-ca"/>
      </symbol>
      <symbol id="sm-fd">
         <name>__TI_zero_init_nomemset</name>
         <value>0x643</value>
         <object_component_ref idref="oc-47"/>
      </symbol>
      <symbol id="sm-112">
         <name>__stack</name>
         <value>0x20000000</value>
         <object_component_ref idref="oc-24"/>
      </symbol>
      <symbol id="sm-113">
         <name>_c_int00_noargs</name>
         <value>0x5e5</value>
         <object_component_ref idref="oc-59"/>
      </symbol>
      <symbol id="sm-13d">
         <name>__TI_auto_init_nobinit_nopinit</name>
         <value>0x56d</value>
         <object_component_ref idref="oc-fd"/>
      </symbol>
      <symbol id="sm-147">
         <name>_system_pre_init</name>
         <value>0x6a7</value>
         <object_component_ref idref="oc-95"/>
      </symbol>
      <symbol id="sm-153">
         <name>C$$EXIT</name>
         <value>0x6ab</value>
         <object_component_ref idref="oc-f1"/>
      </symbol>
      <symbol id="sm-154">
         <name>abort</name>
         <value>0x6ab</value>
         <object_component_ref idref="oc-f1"/>
      </symbol>
      <symbol id="sm-157">
         <name>__TI_static_base__</name>
         <value>0x0</value>
      </symbol>
      <symbol id="sm-159">
         <name>__mpu_init</name>
         <value>0x0</value>
      </symbol>
      <symbol id="sm-15a">
         <name>_system_post_cinit</name>
         <value>0x0</value>
      </symbol>
   </symbol_table>
   <title>Link successful</title>
</link_info>
